{"count":1,"gauges":{},"self":130.19852799999998,"total":136.2177164,"children":{"AgentResetIfDone":{"count":6800,"self":0.19442189999999998,"total":0.19442189999999998,"children":null},"AgentSendState":{"count":6800,"self":0.2320804,"total":0.3235789,"children":{"CollectObservations":{"count":13600,"self":0.0914985,"total":0.0914985,"children":null}}},"DecideAction":{"count":6800,"self":3.8985952,"total":5.0133427,"children":{"RayPerceptionSensor.Perceive":{"count":13600,"self":1.1147472999999999,"total":1.1147472999999999,"children":null}}},"AcademyStep":{"count":6800,"self":0.014830099999999999,"total":0.014830099999999999,"children":null},"AgentAct":{"count":6800,"self":0.47202049999999995,"total":0.47202049999999995,"children":null}}}